{"M5IBXpPZWvAqyc+2nuUIzA==":"mbr-121x158.png","2emrKqGb3GGWGGj8I6SAaQ==":"amdocs-151x84.png","blw94INA0l0tbDV6Y3xAKg==":"cognizant-150x84.jpg","6nRWPp+T8FlA+FIMG44QOw==":"infosys-150x84.png","ocl6lNoq39xNCNo56fn5lA==":"deloitte-125x115.jpg","g+xqBABCWsAz1p2T4ewDhg==":"ibm-1-113x113.png","g8CpeiRkgxg76wTkF75xvg==":"wipro-125x115.jpeg","ohTthwmTJlklBYCb6kr5tw==":"infosys-1-150x84.png","QOvN0bBhAf2Ev/vXU/D+dw==":"deloitte-125x115.jpeg","L1ycKYvA+diMYa3rOMj4Vw==":"wipro-125x115.jpg","4XUHwVmcvs5e4hSNrEUz9A==":"ibm-113x113.png","INFDzVPY4C2nXvheNgBAYw==":"wipro-1-125x115.jpeg","OkfIc5UlICLUb2j2QSnwDw==":"ibm-2-113x113.png","mf2dqSlhjJ4yJp0HFOCxsA==":"deloitte_logo-240x98.png","JaYv+iLH7ulgFNswTZqtwQ==":"ibm-logo-240x91.jpeg","uVHc/3SEQ4bTD0esUMp6+Q==":"ibm-240x86.png","TtlOon1v5woHLZFJbam4Jw==":"ibm-38x21.png","+rS0pncR1zjzYeoH19zybg==":"deloitte-38x21.png","WYGDFzd9Z7hEcbefbb6qIQ==":"tcs-36x20.png","Q5qHBnPKRXJ0TTaOZBKmRg==":"wipro-45x25.png","uzWwOeZu7D3gsQPSB5hqrQ==":"cognizant-45x25.png","8M02t8wIyez9jTTeZt0M5A==":"906093f8076179dc3cc12709e593303c-89x25.png","wDJzjBqcWOrFCFGha4Fz9A==":"background15.jpeg"}